<?xml version="1.0" encoding="gb2312"?>
<popupSelect><select name="Client" > 
		<classCode classSysType="Customer">tblCompany.classCode</classCode>
		<orderBy>tblCompany.ComNumber,tblCompany.ComFullName</orderBy>
		<forwardModel>tblCompany&amp;moduleType=2&amp;ClientFlag=2</forwardModel>
		<defineSQL>
from tblCompany
  left join tblEmployee on tblCompany.EmployeeID=tblEmployee.id
  left join tblDepartment on tblCompany.DepartmentCode=tblDepartment.classCode
      where 1=1  and (tblCompany.ClientFlag=2 or tblCompany.ClientFlag=3 or tblCompany.ClientFlag=4)
		</defineSQL>
		<changeCond>(tblCompany.statusId!='-1')</changeCond>
		<displayFields>
			<field name="tblCompany.[tblCompany_2]" parentDisplay="false" width="100" searchType="match" keySearch="true" />
			<field name="tblCompany.PreReceiveTotalRemain" parentDisplay="false" width="100" hiddenInput="true" />
			<field name="tblCompany.ReceiveTotalRemain" parentDisplay="false" width="100" hiddenInput="true" />
			<field name="case when len(tblCompany.EmployeeID)&gt;0 then tblEmployee.EmpFullName else '@Sess:UserName' end" asName="tblCompany.EmployeeID" display="tblCompany.EmployeeID" parentDisplay="false" width="80" />
			<field name="case when len(tblCompany.DepartmentCode)&gt;0 then tblDepartment.DeptFullName else '@Sess:DepartmentName' end" asName="tblCompany.DepartmentCode" display="tblCompany.DepartmentCode" parentDisplay="false" width="80" />
		</displayFields>
		<saveFields>
			<field name="tblCompany.classCode" parentName="@TABLENAME.CompanyCode" hidden="true" relationKey="true" width="0" />
		</saveFields>
	</select>
</popupSelect>