<?xml version="1.0" encoding="gb2312"?>
<popupSelect><select name="Company"  type="checkBox" > 
		<classCode>tblCompany.classCode</classCode>
		<orderBy>tblCompany.ComNumber,tblCompany.ComFullName</orderBy>
		<forwardModel>tblCompany&amp;moduleType=3&amp;ClientFlag=3</forwardModel>
		<defineSQL>
from tblCompany
		</defineSQL>
		<changeCond>(tblCompany.statusId!='-1' and tblCompany.workFlowNodeName='finish')</changeCond>
		<displayFields>
			<field name="tblCompany.[tblCompany_2]" parentDisplay="false" width="100" searchType="match" keySearch="true" />
			<field name="tblCompany.PreReceiveTotalRemain" parentDisplay="false" width="100" />
			<field name="tblCompany.ReceiveTotalRemain" parentDisplay="false" width="100" />
			<field name="tblCompany.PrePayTotalRemain" parentDisplay="false" width="100" />
			<field name="tblCompany.PayTotalRemain" parentDisplay="false" width="100" />
			<field name="tblCompany.ClientFlag" parentDisplay="false" width="80" searchType="equal" />
		</displayFields>
		<saveFields>
			<field name="tblCompany.classCode" parentName="@TABLENAME.CompanyCode" hidden="true" relationKey="true" width="0" />
		</saveFields>
	</select>
</popupSelect>