<?xml version="1.0" encoding="gb2312"?>
<popupSelect><select name="District" > 
		<saveParentFlag>true</saveParentFlag>
		<classCode>tblDistrict.classCode</classCode>
		<orderBy>tblDistrict.classCode</orderBy>
		<defineSQL>
from tblDistrict2 tblDistrict
      where 1=1
		</defineSQL>
		<changeCond>len(tblDistrict.classCode)&lt;=15</changeCond>
		<displayFields>
			<field name="tblDistrict.Province" parentDisplay="false" width="100" searchType="match" keySearch="true" />
			<field name="tblDistrict.DistrictFullName" display="@TABLENAME.District" parentDisplay="true" width="400" searchType="match" keySearch="true" />
			<field name="tblDistrict.DistrictPYM" parentDisplay="false" width="0" searchType="match" keySearch="true" />
		</displayFields>
		<saveFields>
			<field name="tblDistrict.classCode" parentName="@TABLENAME.District" hidden="true" relationKey="true" width="0" />
		</saveFields>
	</select>
</popupSelect>