<?xml version="1.0" encoding="UTF-8" ?>
<ReportDataSource><Report reporteId="047d83ca_1607071714265913408" reportName="HFComboActive"/><fieldInfo><field fieldname="HFComboActive.startDate" AsfieldName="BillDate1" groupByFlag="0" displayFlag="0" condition="&gt;= ?" conditionJoin="and" orderbyFlag="" display="活动开始日期≥" fieldType="5" inputType="" popUpName="" width="0" classCode="1" linkAdd="" order="1" isStat="0" defaultValue="@MEM:defaultTime" fieldSysType="" fixColName="1" isNull="1" planarField="0" subSQL="" repeatNotShow="0" zeroDisplay="0" seriesCol="" seriesNums="" crossField="" groupName="" fieldIdentity="" analysis="0"><Displays><Display localStr="zh_CN" display="活动开始日期≥"/><Display localStr="en" display="Document date≥"/><Display localStr="zh_TW" display="活动开始日期≥"/></Displays><groupNames/></field><field fieldname="HFComboActive.startDate" AsfieldName="BillDate2" groupByFlag="0" displayFlag="0" condition="&lt;= ?" conditionJoin="and" orderbyFlag="" display="活动开始日期≤" fieldType="5" inputType="" popUpName="" width="0" classCode="1" linkAdd="" order="2" isStat="0" defaultValue="" fieldSysType="" fixColName="1" isNull="0" planarField="0" subSQL="" repeatNotShow="0" zeroDisplay="0" seriesCol="" seriesNums="" crossField="" groupName="" fieldIdentity="" analysis="0"><Displays><Display localStr="zh_CN" display="活动开始日期≤"/><Display localStr="en" display="Document date≤"/><Display localStr="zh_TW" display="單據日期≤"/></Displays><groupNames/></field><field fieldname="HFComboActive.startDate" AsfieldName="startDate" groupByFlag="0" displayFlag="1" condition="" conditionJoin="" orderbyFlag="" display="活动开始日期" fieldType="5" inputType="0" popUpName="" width="80" classCode="1" linkAdd="" order="3" isStat="0" defaultValue="" fieldSysType="" fixColName="0" isNull="0" planarField="0" subSQL="" repeatNotShow="1" zeroDisplay="0" seriesCol="" seriesNums="" crossField="" groupName="" fieldIdentity="" analysis="0"><Displays><Display localStr="zh_CN" display="活动开始日期"/></Displays><groupNames/></field><field fieldname="HFComboActive.endDate" AsfieldName="endDate" groupByFlag="0" displayFlag="1" condition="" conditionJoin="" orderbyFlag="" display="活动结束日期" fieldType="5" inputType="0" popUpName="" width="80" classCode="1" linkAdd="" order="4" isStat="0" defaultValue="" fieldSysType="" fixColName="0" isNull="0" planarField="0" subSQL="" repeatNotShow="1" zeroDisplay="0" seriesCol="" seriesNums="" crossField="" groupName="" fieldIdentity="" analysis="0"><Displays><Display localStr="zh_CN" display="活动结束日期"/></Displays><groupNames/></field><field fieldname="HFComboActive.invalDate" AsfieldName="invalDate" groupByFlag="0" displayFlag="1" condition="" conditionJoin="" orderbyFlag="" display="活动失效日期" fieldType="5" inputType="0" popUpName="" width="80" classCode="1" linkAdd="" order="5" isStat="0" defaultValue="" fieldSysType="" fixColName="0" isNull="0" planarField="0" subSQL="" repeatNotShow="1" zeroDisplay="0" seriesCol="" seriesNums="" crossField="" groupName="" fieldIdentity="" analysis="0"><Displays><Display localStr="zh_CN" display="活动失效日期"/></Displays><groupNames/></field><field fieldname="HFComboActive.name" AsfieldName="name" groupByFlag="0" displayFlag="1" condition="like '%'+?+'%'" conditionJoin="and" orderbyFlag="" display="活动名称" fieldType="2" inputType="0" popUpName="" width="100" classCode="1" linkAdd="" order="6" isStat="0" defaultValue="" fieldSysType="" fixColName="0" isNull="0" planarField="0" subSQL="" repeatNotShow="1" zeroDisplay="0" seriesCol="" seriesNums="" crossField="" groupName="" fieldIdentity="" analysis="0"><Displays><Display localStr="zh_CN" display="活动名称"/></Displays><groupNames/></field><field fieldname="HFComboActive.status" AsfieldName="status" groupByFlag="0" displayFlag="1" condition="" conditionJoin="" orderbyFlag="" display="状态" fieldType="0" inputType="1" popUpName="comboStatus" width="50" classCode="1" linkAdd="" order="7" isStat="0" defaultValue="" fieldSysType="" fixColName="0" isNull="0" planarField="0" subSQL="" repeatNotShow="1" zeroDisplay="0" seriesCol="" seriesNums="" crossField="" groupName="" fieldIdentity="" analysis="0"><Displays><Display localStr="zh_CN" display="状态"/></Displays><groupNames/></field><field fieldname="HFComboActive.remark" AsfieldName="remark" groupByFlag="0" displayFlag="1" condition="" conditionJoin="" orderbyFlag="" display="备注" fieldType="2" inputType="6" popUpName="" width="200" classCode="1" linkAdd="" order="8" isStat="0" defaultValue="" fieldSysType="" fixColName="0" isNull="0" planarField="0" subSQL="" repeatNotShow="1" zeroDisplay="0" seriesCol="" seriesNums="" crossField="" groupName="" fieldIdentity="" analysis="0"><Displays><Display localStr="zh_CN" display="备注"/></Displays><groupNames/></field><field fieldname="HFComboActiveDet.startAmt" AsfieldName="startAmt" groupByFlag="0" displayFlag="1" condition="" conditionJoin="" orderbyFlag="" display="下限金额" fieldType="1" inputType="0" popUpName="" width="100" classCode="1" linkAdd="" order="9" isStat="0" defaultValue="" fieldSysType="" fixColName="0" isNull="0" planarField="0" subSQL="" repeatNotShow="0" zeroDisplay="0" seriesCol="" seriesNums="" crossField="" groupName="" fieldIdentity="" analysis="0"><Displays><Display localStr="zh_CN" display="下限金额"/></Displays><groupNames/></field><field fieldname="HFComboActiveDet.endAmt" AsfieldName="endAmt" groupByFlag="0" displayFlag="1" condition="" conditionJoin="" orderbyFlag="" display="上限金额" fieldType="1" inputType="0" popUpName="" width="100" classCode="1" linkAdd="" order="10" isStat="0" defaultValue="" fieldSysType="" fixColName="0" isNull="0" planarField="0" subSQL="" repeatNotShow="0" zeroDisplay="0" seriesCol="" seriesNums="" crossField="" groupName="" fieldIdentity="" analysis="0"><Displays><Display localStr="zh_CN" display="上限金额"/></Displays><groupNames/></field><field fieldname="tblCombo.Combo" AsfieldName="Combo" groupByFlag="0" displayFlag="1" condition="" conditionJoin="" orderbyFlag="" display="套餐名称" fieldType="2" inputType="0" popUpName="" width="80" classCode="1" linkAdd="" order="11" isStat="0" defaultValue="" fieldSysType="" fixColName="0" isNull="0" planarField="0" subSQL="" repeatNotShow="0" zeroDisplay="0" seriesCol="" seriesNums="" crossField="" groupName="" fieldIdentity="" analysis="0"><Displays><Display localStr="zh_CN" display="套餐名称"/></Displays><groupNames/></field></fieldInfo><SQL text="select vbCrLf    HFComboActive.startDate as startDate,vbCrLf    HFComboActive.endDate as endDate,vbCrLf    HFComboActive.invalDate as invalDate,vbCrLf    HFComboActive.name as name,vbCrLf    HFComboActive.status as status,vbCrLf    HFComboActive.remark as remark,vbCrLf    HFComboActiveDet.startAmt as startAmt,vbCrLf    HFComboActiveDet.endAmt as endAmt,vbCrLf    tblCombo.Combo as CombovbCrLffrom HFComboActive vbCrLfleft join HFComboActiveDet on HFComboActive.id=HFComboActiveDet.f_refvbCrLfleft join tblCombo on tblCombo.id=HFComboActiveDet.comboIdvbCrLfwhere 1=1 vbCrLf      and (HFComboActive.startDate &gt;= ?)vbCrLf      and (HFComboActive.startDate &lt;= ?)vbCrLf      and (HFComboActive.name like '%'+?+'%')vbCrLfvbCrLfvbCrLfvbCrLf"/><charts/></ReportDataSource>
