<?xml version="1.0" encoding="gb2312"?>
<popupSelect><select name="SelectCombo"  type="checkBox" > 
		<defineSQL>
from tblCombo
		</defineSQL>
		<changeCond>tblCombo.workFlowNodeName='finish'</changeCond>
		<displayFields>
			<field name="tblCombo.Combo" display="@TABLENAME.ComboId" parentDisplay="true" width="100" />
		</displayFields>
		<saveFields>
			<field name="tblCombo.id" parentName="@TABLENAME.ComboId" hidden="true" compare="false" relationKey="true" width="0" />
		</saveFields>
	</select>
</popupSelect>