<?xml version="1.0" encoding="UTF-8" ?>
<ReportDataSource><Report reporteId="" reportName=""/><fieldInfo><field fieldname="tblexpenseaccount.BillNo" AsfieldName="BillNo" groupByFlag="0" displayFlag="1" condition="" conditionJoin="" orderbyFlag="" display="单据编号" fieldType="2" inputType="0" popUpName="" width="200" classCode="1" linkAdd="" order="1" isStat="0" defaultValue="" fieldSysType="" fixColName="0" isNull="0" planarField="0" subSQL="" repeatNotShow="0" zeroDisplay="0" seriesCol="" seriesNums="" crossField="" groupName="" fieldIdentity="" analysis="0"><Displays><Display localStr="zh_TW" display="单据编号"/><Display localStr="zh_CN" display="单据编号"/><Display localStr="en" display="NO."/></Displays><groupNames/></field><field fieldname="tblexpenseaccount.oaTitle" AsfieldName="oaTitle" groupByFlag="0" displayFlag="1" condition="" conditionJoin="" orderbyFlag="" display="主题" fieldType="18" inputType="0" popUpName="" width="200" classCode="1" linkAdd="" order="2" isStat="0" defaultValue="" fieldSysType="" fixColName="0" isNull="0" planarField="0" subSQL="" repeatNotShow="0" zeroDisplay="0" seriesCol="" seriesNums="" crossField="" groupName="" fieldIdentity="" analysis="0"><Displays><Display localStr="zh_TW" display="主题"/><Display localStr="zh_CN" display="主题"/><Display localStr="en" display="Title"/></Displays><groupNames/></field><field fieldname="tblexpenseaccount.DepartmentCode" AsfieldName="DepartmentCode" groupByFlag="0" displayFlag="1" condition="" conditionJoin="" orderbyFlag="" display="报销部门" fieldType="2" inputType="2" popUpName="" width="200" classCode="1" linkAdd="" order="3" isStat="0" defaultValue="" fieldSysType="" fixColName="0" isNull="0" planarField="0" subSQL="" repeatNotShow="0" zeroDisplay="0" seriesCol="" seriesNums="" crossField="" groupName="" fieldIdentity="" analysis="0"><Displays><Display localStr="zh_CN" display="报销部门"/></Displays><groupNames/></field><field fieldname="tblexpenseaccount.EmployeeCode" AsfieldName="EmployeeCode" groupByFlag="0" displayFlag="1" condition="" conditionJoin="" orderbyFlag="" display="报销人" fieldType="2" inputType="2" popUpName="" width="200" classCode="1" linkAdd="" order="4" isStat="0" defaultValue="" fieldSysType="" fixColName="0" isNull="0" planarField="0" subSQL="" repeatNotShow="0" zeroDisplay="0" seriesCol="" seriesNums="" crossField="" groupName="" fieldIdentity="" analysis="0"><Displays><Display localStr="zh_CN" display="报销人"/></Displays><groupNames/></field><field fieldname="tblexpenseaccount.appendixno" AsfieldName="appendixno" groupByFlag="0" displayFlag="1" condition="" conditionJoin="" orderbyFlag="" display="附件数量" fieldType="2" inputType="0" popUpName="" width="200" classCode="1" linkAdd="" order="5" isStat="0" defaultValue="" fieldSysType="" fixColName="0" isNull="0" planarField="0" subSQL="" repeatNotShow="0" zeroDisplay="0" seriesCol="" seriesNums="" crossField="" groupName="" fieldIdentity="" analysis="0"><Displays><Display localStr="zh_CN" display="附件数量"/></Displays><groupNames/></field><field fieldname="tblexpenseaccount.ApplyDate" AsfieldName="ApplyDate" groupByFlag="0" displayFlag="1" condition="" conditionJoin="" orderbyFlag="" display="申请日期" fieldType="5" inputType="0" popUpName="" width="200" classCode="1" linkAdd="" order="6" isStat="0" defaultValue="" fieldSysType="" fixColName="0" isNull="0" planarField="0" subSQL="" repeatNotShow="0" zeroDisplay="0" seriesCol="" seriesNums="" crossField="" groupName="" fieldIdentity="" analysis="0"><Displays><Display localStr="zh_TW" display="申請日期"/><Display localStr="zh_CN" display="申请日期"/><Display localStr="en" display="ApplyDate"/></Displays><groupNames/></field><field fieldname="tblexpenseaccount.accessories" AsfieldName="accessories" groupByFlag="0" displayFlag="1" condition="" conditionJoin="" orderbyFlag="" display="附件" fieldType="14" inputType="0" popUpName="" width="500" classCode="1" linkAdd="" order="7" isStat="0" defaultValue="" fieldSysType="" fixColName="0" isNull="0" planarField="0" subSQL="" repeatNotShow="0" zeroDisplay="0" seriesCol="" seriesNums="" crossField="" groupName="" fieldIdentity="" analysis="0"><Displays><Display localStr="zh_TW" display="附件"/><Display localStr="zh_CN" display="附件"/><Display localStr="en" display="accessories"/></Displays><groupNames/></field><field fieldname="tblexpenseaccount.originalBorrow" AsfieldName="originalBorrow" groupByFlag="0" displayFlag="1" condition="" conditionJoin="" orderbyFlag="" display="原借款" fieldType="1" inputType="0" popUpName="" width="200" classCode="1" linkAdd="" order="8" isStat="0" defaultValue="" fieldSysType="" fixColName="0" isNull="0" planarField="0" subSQL="" repeatNotShow="0" zeroDisplay="0" seriesCol="" seriesNums="" crossField="" groupName="" fieldIdentity="" analysis="0"><Displays><Display localStr="zh_CN" display="原借款"/></Displays><groupNames/></field><field fieldname="tblexpenseaccount.backBlance" AsfieldName="backBlance" groupByFlag="0" displayFlag="1" condition="" conditionJoin="" orderbyFlag="" display="应退余款" fieldType="1" inputType="8" popUpName="" width="200" classCode="1" linkAdd="" order="9" isStat="0" defaultValue="" fieldSysType="" fixColName="0" isNull="0" planarField="0" subSQL="" repeatNotShow="0" zeroDisplay="0" seriesCol="" seriesNums="" crossField="" groupName="" fieldIdentity="" analysis="0"><Displays><Display localStr="zh_CN" display="应退余款"/></Displays><groupNames/></field><field fieldname="tblexpenseaccountDet.Business" AsfieldName="Business" groupByFlag="0" displayFlag="1" condition="" conditionJoin="" orderbyFlag="" display="金额(元)" fieldType="1" inputType="0" popUpName="" width="60" classCode="1" linkAdd="" order="10" isStat="0" defaultValue="" fieldSysType="" fixColName="0" isNull="0" planarField="0" subSQL="" repeatNotShow="0" zeroDisplay="0" seriesCol="" seriesNums="" crossField="" groupName="" fieldIdentity="" analysis="0"><Displays><Display localStr="zh_CN" display="金额(元)"/></Displays><groupNames/></field><field fieldname="tblexpenseaccountDet.EmployeeCode" AsfieldName="used" groupByFlag="0" displayFlag="1" condition="" conditionJoin="" orderbyFlag="" display="用途" fieldType="2" inputType="0" popUpName="" width="350" classCode="1" linkAdd="" order="11" isStat="0" defaultValue="" fieldSysType="" fixColName="0" isNull="0" planarField="0" subSQL="" repeatNotShow="0" zeroDisplay="0" seriesCol="" seriesNums="" crossField="" groupName="" fieldIdentity="" analysis="0"><Displays><Display localStr="zh_CN" display="用途"/></Displays><groupNames/></field><field fieldname="tblEmployee.EmpFullName" AsfieldName="EmpFullName" groupByFlag="0" displayFlag="1" condition="" conditionJoin="" orderbyFlag="" display="职员全称" fieldType="2" inputType="7" popUpName="" width="80" classCode="1" linkAdd="" order="12" isStat="0" defaultValue="" fieldSysType="" fixColName="0" isNull="0" planarField="0" subSQL="" repeatNotShow="0" zeroDisplay="0" seriesCol="" seriesNums="" crossField="" groupName="" fieldIdentity="" analysis="0"><Displays><Display localStr="zh_TW" display="職員全稱"/><Display localStr="zh_CN" display="职员全称"/><Display localStr="en" display="Full name of employee"/></Displays><groupNames/></field><field fieldname="tblDepartment.DeptFullName" AsfieldName="DeptFullName" groupByFlag="0" displayFlag="1" condition="" conditionJoin="" orderbyFlag="" display="部门全称" fieldType="2" inputType="7" popUpName="" width="80" classCode="1" linkAdd="" order="13" isStat="0" defaultValue="" fieldSysType="" fixColName="0" isNull="0" planarField="0" subSQL="" repeatNotShow="0" zeroDisplay="0" seriesCol="" seriesNums="" crossField="" groupName="" fieldIdentity="" analysis="0"><Displays><Display localStr="zh_TW" display="部門全稱"/><Display localStr="zh_CN" display="部门全称"/><Display localStr="en" display="Department full name"/></Displays><groupNames/></field><field fieldname="tblexpenseaccount.id" AsfieldName="id" groupByFlag="0" displayFlag="0" condition="=?" conditionJoin="and" orderbyFlag="" display="" fieldType="2" inputType="0" popUpName="" width="0" classCode="1" linkAdd="" order="14" isStat="0" defaultValue="" fieldSysType="" fixColName="0" isNull="0" planarField="0" subSQL="" repeatNotShow="0" zeroDisplay="0" seriesCol="" seriesNums="" crossField="" groupName="" fieldIdentity="" analysis="0"><Displays/><groupNames/></field></fieldInfo><SQL text="select vbCrLf    tblexpenseaccount.BillNo as BillNo,vbCrLf    tblexpenseaccount.oaTitle as oaTitle,vbCrLf    tblexpenseaccount.DepartmentCode as DepartmentCode,vbCrLf    tblexpenseaccount.EmployeeCode as EmployeeCode,vbCrLf    tblexpenseaccount.appendixno as appendixno,vbCrLf    tblexpenseaccount.ApplyDate as ApplyDate,vbCrLf    tblexpenseaccount.accessories as accessories,vbCrLf    tblexpenseaccount.originalBorrow as originalBorrow,vbCrLf    tblexpenseaccount.backBlance as backBlance,vbCrLf    tblexpenseaccountDet.Business as Business,vbCrLf    tblexpenseaccountDet.EmployeeCode as used,vbCrLf    tblEmployee.EmpFullName as EmpFullName,vbCrLf    tblDepartment.DeptFullName as DeptFullNamevbCrLffrom tblexpenseaccountvbCrLfleft join tblexpenseaccountDet on tblexpenseaccount.id=tblexpenseaccountDet.f_ref vbCrLfleft join tblEmployee on tblexpenseaccount.EmployeeCode=tblEmployee.idvbCrLfleft join tblDepartment on tblexpenseaccount.DepartmentCode=tblDepartment.classCode vbCrLfwhere 1=1 vbCrLf      and (tblexpenseaccount.id =?)vbCrLfvbCrLfvbCrLf  vbCrLf"/><charts/></ReportDataSource>
